,County,Sites
0,"Aleutians East Borough, AK",6
1,"Aleutians West Census Area, AK",2
2,"Anchorage Municipality, AK",38
3,"Bethel Census Area, AK",1
4,"Bristol Bay Borough, AK",1
5,"Dillingham Census Area, AK",1
6,"Fairbanks North Star Borough, AK",10
7,"Juneau City and Borough, AK",8
8,"Kenai Peninsula Borough, AK",10
9,"Ketchikan Gateway Borough, AK",3
10,"Kodiak Island Borough, AK",2
11,"Matanuska-Susitna Borough, AK",10
12,"Nome Census Area, AK",1
13,"North Slope Borough, AK",2
14,"Petersburg Borough, AK",1
15,"Sitka City and Borough, AK",1
16,"Southeast Fairbanks Census Area, AK",2
17,"Valdez-Cordova Census Area, AK",3
18,"Yukon-Koyukuk Census Area, AK",1
19,"Autauga County, AL",5
20,"Baldwin County, AL",24
21,"Barbour County, AL",4
22,"Bibb County, AL",2
23,"Blount County, AL",3
24,"Bullock County, AL",2
25,"Butler County, AL",1
26,"Calhoun County, AL",26
27,"Chambers County, AL",6
28,"Cherokee County, AL",8
29,"Chilton County, AL",3
30,"Clarke County, AL",3
31,"Cleburne County, AL",3
32,"Coffee County, AL",4
33,"Colbert County, AL",5
34,"Conecuh County, AL",1
35,"Covington County, AL",4
36,"Crenshaw County, AL",1
37,"Cullman County, AL",11
38,"Dale County, AL",5
39,"Dallas County, AL",3
40,"DeKalb County, AL",5
41,"Elmore County, AL",10
42,"Escambia County, AL",4
43,"Etowah County, AL",22
44,"Fayette County, AL",1
45,"Franklin County, AL",2
46,"Geneva County, AL",1
47,"Hale County, AL",1
48,"Houston County, AL",16
49,"Jackson County, AL",2
50,"Jefferson County, AL",78
51,"Lauderdale County, AL",9
52,"Lawrence County, AL",1
53,"Lee County, AL",26
54,"Limestone County, AL",5
55,"Lowndes County, AL",1
56,"Macon County, AL",2
57,"Madison County, AL",50
58,"Marengo County, AL",3
59,"Marion County, AL",2
60,"Marshall County, AL",8
61,"Mobile County, AL",52
62,"Monroe County, AL",2
63,"Montgomery County, AL",29
64,"Morgan County, AL",15
65,"Pickens County, AL",2
66,"Pike County, AL",3
67,"Randolph County, AL",1
68,"Russell County, AL",6
69,"Shelby County, AL",23
70,"St. Clair County, AL",4
71,"Talladega County, AL",6
72,"Tallapoosa County, AL",5
73,"Tuscaloosa County, AL",29
74,"Walker County, AL",4
75,"Wilcox County, AL",2
76,"Winston County, AL",2
77,"Arkansas County, AR",7
78,"Ashley County, AR",2
79,"Baxter County, AR",6
80,"Benton County, AR",25
81,"Boone County, AR",5
82,"Bradley County, AR",2
83,"Calhoun County, AR",1
84,"Carroll County, AR",6
85,"Chicot County, AR",1
86,"Clark County, AR",3
87,"Clay County, AR",2
88,"Cleburne County, AR",5
89,"Cleveland County, AR",1
90,"Columbia County, AR",3
91,"Conway County, AR",4
92,"Craighead County, AR",20
93,"Crawford County, AR",8
94,"Crittenden County, AR",9
95,"Cross County, AR",4
96,"Dallas County, AR",2
97,"Desha County, AR",2
98,"Drew County, AR",4
99,"Faulkner County, AR",18
100,"Franklin County, AR",5
101,"Fulton County, AR",2
102,"Garland County, AR",21
103,"Grant County, AR",2
104,"Greene County, AR",7
105,"Hempstead County, AR",3
106,"Hot Spring County, AR",4
107,"Howard County, AR",3
108,"Independence County, AR",7
109,"Izard County, AR",2
110,"Jackson County, AR",5
111,"Jefferson County, AR",9
112,"Johnson County, AR",4
113,"Lafayette County, AR",1
114,"Lawrence County, AR",4
115,"Lee County, AR",1
116,"Lincoln County, AR",1
117,"Little River County, AR",2
118,"Logan County, AR",6
119,"Lonoke County, AR",10
120,"Madison County, AR",3
121,"Marion County, AR",2
122,"Miller County, AR",4
123,"Mississippi County, AR",7
124,"Monroe County, AR",1
125,"Montgomery County, AR",1
126,"Nevada County, AR",1
127,"Newton County, AR",1
128,"Ouachita County, AR",4
129,"Perry County, AR",1
130,"Phillips County, AR",2
131,"Pike County, AR",2
132,"Poinsett County, AR",5
133,"Polk County, AR",4
134,"Pope County, AR",10
135,"Prairie County, AR",1
136,"Pulaski County, AR",58
137,"Randolph County, AR",4
138,"Saline County, AR",14
139,"Scott County, AR",3
140,"Searcy County, AR",2
141,"Sebastian County, AR",21
142,"Sevier County, AR",2
143,"Sharp County, AR",4
144,"St. Francis County, AR",4
145,"Stone County, AR",2
146,"Union County, AR",3
147,"Van Buren County, AR",5
148,"Washington County, AR",23
149,"White County, AR",10
150,"Woodruff County, AR",1
151,"Yell County, AR",6
152,"Apache County, AZ",9
153,"Cochise County, AZ",13
154,"Coconino County, AZ",14
155,"Gila County, AZ",13
156,"Graham County, AZ",5
157,"Greenlee County, AZ",2
158,"La Paz County, AZ",2
159,"Maricopa County, AZ",484
160,"Mohave County, AZ",34
161,"Navajo County, AZ",20
162,"Pima County, AZ",123
163,"Pinal County, AZ",44
164,"Santa Cruz County, AZ",1
165,"Yavapai County, AZ",26
166,"Yuma County, AZ",19
167,"Alameda County, CA",116
168,"Alpine County, CA",1
169,"Amador County, CA",5
170,"Butte County, CA",19
171,"Calaveras County, CA",3
172,"Colusa County, CA",1
173,"Contra Costa County, CA",94
174,"Del Norte County, CA",6
175,"El Dorado County, CA",21
176,"Fresno County, CA",86
177,"Glenn County, CA",3
178,"Humboldt County, CA",29
179,"Imperial County, CA",13
180,"Inyo County, CA",4
181,"Kern County, CA",116
182,"Kings County, CA",13
183,"Lake County, CA",6
184,"Lassen County, CA",3
185,"Los Angeles County, CA",774
186,"Madera County, CA",9
187,"Marin County, CA",31
188,"Mariposa County, CA",1
189,"Mendocino County, CA",16
190,"Merced County, CA",14
191,"Modoc County, CA",2
192,"Mono County, CA",9
193,"Monterey County, CA",37
194,"Napa County, CA",14
195,"Nevada County, CA",10
196,"Orange County, CA",270
197,"Placer County, CA",36
198,"Plumas County, CA",1
199,"Riverside County, CA",215
200,"Sacramento County, CA",132
201,"San Benito County, CA",3
202,"San Bernardino County, CA",202
203,"San Diego County, CA",278
204,"San Francisco County, CA",44
205,"San Joaquin County, CA",69
206,"San Luis Obispo County, CA",34
207,"San Mateo County, CA",38
208,"Santa Barbara County, CA",48
209,"Santa Clara County, CA",123
210,"Santa Cruz County, CA",30
211,"Shasta County, CA",39
212,"Sierra County, CA",1
213,"Siskiyou County, CA",16
214,"Solano County, CA",33
215,"Sonoma County, CA",56
216,"Stanislaus County, CA",46
217,"Sutter County, CA",14
218,"Tehama County, CA",6
219,"Trinity County, CA",2
220,"Tulare County, CA",43
221,"Tuolumne County, CA",4
222,"Ventura County, CA",92
223,"Yolo County, CA",26
224,"Yuba County, CA",5
225,"Adams County, CO",41
226,"Alamosa County, CO",7
227,"Arapahoe County, CO",79
228,"Archuleta County, CO",3
229,"Baca County, CO",2
230,"Bent County, CO",2
231,"Boulder County, CO",33
232,"Broomfield County, CO",10
233,"Chaffee County, CO",6
234,"Cheyenne County, CO",2
235,"Clear Creek County, CO",2
236,"Conejos County, CO",2
237,"Crowley County, CO",2
238,"Custer County, CO",1
239,"Delta County, CO",5
240,"Denver County, CO",66
241,"Dolores County, CO",1
242,"Douglas County, CO",36
243,"Eagle County, CO",5
244,"El Paso County, CO",67
245,"Elbert County, CO",1
246,"Fremont County, CO",6
247,"Garfield County, CO",9
248,"Gilpin County, CO",1
249,"Grand County, CO",5
250,"Gunnison County, CO",2
251,"Hinsdale County, CO",1
252,"Huerfano County, CO",1
253,"Jackson County, CO",1
254,"Jefferson County, CO",55
255,"Kiowa County, CO",2
256,"Kit Carson County, CO",1
257,"La Plata County, CO",12
258,"Lake County, CO",3
259,"Larimer County, CO",39
260,"Las Animas County, CO",5
261,"Lincoln County, CO",2
262,"Logan County, CO",5
263,"Mesa County, CO",19
264,"Mineral County, CO",1
265,"Moffat County, CO",5
266,"Montezuma County, CO",5
267,"Montrose County, CO",8
268,"Morgan County, CO",7
269,"Otero County, CO",7
270,"Park County, CO",1
271,"Phillips County, CO",3
272,"Pitkin County, CO",3
273,"Prowers County, CO",4
274,"Pueblo County, CO",16
275,"Rio Blanco County, CO",3
276,"Rio Grande County, CO",3
277,"Routt County, CO",6
278,"Saguache County, CO",3
279,"San Juan County, CO",1
280,"San Miguel County, CO",2
281,"Sedgwick County, CO",2
282,"Summit County, CO",5
283,"Teller County, CO",3
284,"Washington County, CO",2
285,"Weld County, CO",21
286,"Yuma County, CO",3
287,"Fairfield County, CT",80
288,"Hartford County, CT",93
289,"Litchfield County, CT",14
290,"Middlesex County, CT",18
291,"New Haven County, CT",92
292,"New London County, CT",17
293,"Tolland County, CT",12
294,"Windham County, CT",7
295,"District of Columbia, DC",87
296,"Kent County, DE",28
297,"New Castle County, DE",52
298,"Sussex County, DE",31
299,"Alachua County, FL",55
300,"Baker County, FL",6
301,"Bay County, FL",38
302,"Bradford County, FL",7
303,"Brevard County, FL",75
304,"Broward County, FL",378
305,"Calhoun County, FL",1
306,"Charlotte County, FL",29
307,"Citrus County, FL",29
308,"Clay County, FL",32
309,"Collier County, FL",56
310,"Columbia County, FL",11
311,"DeSoto County, FL",7
312,"Dixie County, FL",2
313,"Duval County, FL",177
314,"Escambia County, FL",47
315,"Flagler County, FL",22
316,"Franklin County, FL",6
317,"Gadsden County, FL",9
318,"Gilchrist County, FL",2
319,"Glades County, FL",1
320,"Gulf County, FL",6
321,"Hamilton County, FL",3
322,"Hardee County, FL",5
323,"Hendry County, FL",14
324,"Hernando County, FL",28
325,"Highlands County, FL",16
326,"Hillsborough County, FL",179
327,"Holmes County, FL",2
328,"Indian River County, FL",32
329,"Jackson County, FL",6
330,"Jefferson County, FL",4
331,"Lafayette County, FL",1
332,"Lake County, FL",54
333,"Lee County, FL",106
334,"Leon County, FL",56
335,"Levy County, FL",9
336,"Liberty County, FL",3
337,"Madison County, FL",5
338,"Manatee County, FL",55
339,"Marion County, FL",59
340,"Martin County, FL",36
341,"Miami-Dade County, FL",437
342,"Monroe County, FL",23
343,"Nassau County, FL",18
344,"Okaloosa County, FL",33
345,"Okeechobee County, FL",9
346,"Orange County, FL",167
347,"Osceola County, FL",40
348,"Palm Beach County, FL",274
349,"Pasco County, FL",78
350,"Pinellas County, FL",152
351,"Polk County, FL",90
352,"Putnam County, FL",14
353,"Santa Rosa County, FL",22
354,"Sarasota County, FL",69
355,"Seminole County, FL",55
356,"St. Johns County, FL",41
357,"St. Lucie County, FL",60
358,"Sumter County, FL",24
359,"Suwannee County, FL",5
360,"Taylor County, FL",7
361,"Union County, FL",2
362,"Volusia County, FL",94
363,"Wakulla County, FL",7
364,"Walton County, FL",12
365,"Washington County, FL",3
366,"Appling County, GA",5
367,"Bacon County, GA",1
368,"Baker County, GA",1
369,"Baldwin County, GA",6
370,"Banks County, GA",2
371,"Barrow County, GA",11
372,"Bartow County, GA",10
373,"Ben Hill County, GA",5
374,"Berrien County, GA",2
375,"Bibb County, GA",35
376,"Bleckley County, GA",3
377,"Brantley County, GA",1
378,"Brooks County, GA",1
379,"Bryan County, GA",7
380,"Bulloch County, GA",13
381,"Burke County, GA",5
382,"Butts County, GA",2
383,"Calhoun County, GA",2
384,"Camden County, GA",7
385,"Candler County, GA",2
386,"Carroll County, GA",14
387,"Catoosa County, GA",7
388,"Charlton County, GA",2
389,"Chatham County, GA",53
390,"Chattahoochee County, GA",1
391,"Chattooga County, GA",4
392,"Cherokee County, GA",25
393,"Clarke County, GA",26
394,"Clay County, GA",1
395,"Clayton County, GA",21
396,"Clinch County, GA",1
397,"Cobb County, GA",116
398,"Coffee County, GA",8
399,"Colquitt County, GA",6
400,"Columbia County, GA",21
401,"Cook County, GA",3
402,"Coweta County, GA",19
403,"Crawford County, GA",2
404,"Crisp County, GA",7
405,"Dade County, GA",3
406,"Dawson County, GA",7
407,"Decatur County, GA",7
408,"DeKalb County, GA",80
409,"Dodge County, GA",5
410,"Dooly County, GA",2
411,"Dougherty County, GA",17
412,"Douglas County, GA",17
413,"Early County, GA",3
414,"Echols County, GA",1
415,"Effingham County, GA",6
416,"Elbert County, GA",7
417,"Emanuel County, GA",5
418,"Evans County, GA",3
419,"Fannin County, GA",6
420,"Fayette County, GA",20
421,"Floyd County, GA",13
422,"Forsyth County, GA",33
423,"Franklin County, GA",4
424,"Fulton County, GA",122
425,"Gilmer County, GA",5
426,"Glascock County, GA",1
427,"Glynn County, GA",17
428,"Gordon County, GA",7
429,"Grady County, GA",3
430,"Greene County, GA",4
431,"Gwinnett County, GA",89
432,"Habersham County, GA",10
433,"Hall County, GA",28
434,"Hancock County, GA",1
435,"Haralson County, GA",6
436,"Harris County, GA",3
437,"Hart County, GA",5
438,"Henry County, GA",28
439,"Houston County, GA",26
440,"Irwin County, GA",2
441,"Jackson County, GA",12
442,"Jasper County, GA",3
443,"Jeff Davis County, GA",2
444,"Jenkins County, GA",1
445,"Johnson County, GA",2
446,"Jones County, GA",5
447,"Lamar County, GA",3
448,"Lanier County, GA",1
449,"Laurens County, GA",5
450,"Lee County, GA",5
451,"Liberty County, GA",10
452,"Lincoln County, GA",1
453,"Long County, GA",3
454,"Lowndes County, GA",19
455,"Lumpkin County, GA",4
456,"Macon County, GA",2
457,"Madison County, GA",4
458,"Marion County, GA",1
459,"McDuffie County, GA",4
460,"McIntosh County, GA",3
461,"Meriwether County, GA",5
462,"Miller County, GA",2
463,"Mitchell County, GA",3
464,"Monroe County, GA",4
465,"Montgomery County, GA",1
466,"Morgan County, GA",2
467,"Murray County, GA",5
468,"Muscogee County, GA",30
469,"Newton County, GA",8
470,"Oconee County, GA",6
471,"Oglethorpe County, GA",1
472,"Paulding County, GA",16
473,"Peach County, GA",5
474,"Pickens County, GA",7
475,"Pierce County, GA",1
476,"Pike County, GA",1
477,"Polk County, GA",5
478,"Pulaski County, GA",4
479,"Putnam County, GA",3
480,"Quitman County, GA",1
481,"Rabun County, GA",6
482,"Randolph County, GA",2
483,"Richmond County, GA",20
484,"Rockdale County, GA",12
485,"Schley County, GA",1
486,"Screven County, GA",2
487,"Seminole County, GA",1
488,"Spalding County, GA",8
489,"Stephens County, GA",4
490,"Stewart County, GA",2
491,"Sumter County, GA",4
492,"Talbot County, GA",1
493,"Tattnall County, GA",5
494,"Taylor County, GA",2
495,"Telfair County, GA",3
496,"Terrell County, GA",1
497,"Thomas County, GA",5
498,"Tift County, GA",12
499,"Toombs County, GA",2
500,"Towns County, GA",4
501,"Treutlen County, GA",1
502,"Troup County, GA",8
503,"Turner County, GA",1
504,"Twiggs County, GA",2
505,"Union County, GA",4
506,"Upson County, GA",3
507,"Walker County, GA",4
508,"Walton County, GA",6
509,"Ware County, GA",3
510,"Warren County, GA",1
511,"Washington County, GA",3
512,"Wayne County, GA",5
513,"Webster County, GA",1
514,"Wheeler County, GA",2
515,"White County, GA",4
516,"Whitfield County, GA",10
517,"Wilcox County, GA",1
518,"Wilkes County, GA",2
519,"Wilkinson County, GA",2
520,"Worth County, GA",3
521,"Hawaii County, HI",18
522,"Honolulu County, HI",53
523,"Kauai County, HI",7
524,"Maui County, HI",25
525,"Adair County, IA",1
526,"Adams County, IA",3
527,"Appanoose County, IA",1
528,"Benton County, IA",1
529,"Black Hawk County, IA",13
530,"Boone County, IA",1
531,"Bremer County, IA",1
532,"Buena Vista County, IA",2
533,"Butler County, IA",1
534,"Calhoun County, IA",1
535,"Carroll County, IA",1
536,"Cedar County, IA",1
537,"Cerro Gordo County, IA",4
538,"Cherokee County, IA",3
539,"Clarke County, IA",2
540,"Clay County, IA",1
541,"Clayton County, IA",1
542,"Clinton County, IA",4
543,"Crawford County, IA",1
544,"Dallas County, IA",6
545,"Davis County, IA",1
546,"Decatur County, IA",4
547,"Des Moines County, IA",1
548,"Dickinson County, IA",2
549,"Dubuque County, IA",3
550,"Emmet County, IA",1
551,"Fayette County, IA",2
552,"Floyd County, IA",1
553,"Fremont County, IA",1
554,"Greene County, IA",1
555,"Grundy County, IA",1
556,"Guthrie County, IA",1
557,"Hamilton County, IA",1
558,"Hancock County, IA",1
559,"Hardin County, IA",1
560,"Henry County, IA",2
561,"Humboldt County, IA",2
562,"Iowa County, IA",1
563,"Jasper County, IA",2
564,"Jefferson County, IA",2
565,"Johnson County, IA",12
566,"Kossuth County, IA",1
567,"Lee County, IA",1
568,"Linn County, IA",17
569,"Louisa County, IA",2
570,"Lucas County, IA",1
571,"Madison County, IA",1
572,"Mahaska County, IA",1
573,"Marion County, IA",2
574,"Marshall County, IA",2
575,"Mills County, IA",1
576,"Monroe County, IA",1
577,"Montgomery County, IA",1
578,"Muscatine County, IA",4
579,"O'Brien County, IA",1
580,"Palo Alto County, IA",1
581,"Plymouth County, IA",1
582,"Pocahontas County, IA",1
583,"Polk County, IA",28
584,"Pottawattamie County, IA",4
585,"Poweshiek County, IA",2
586,"Ringgold County, IA",3
587,"Scott County, IA",13
588,"Shelby County, IA",4
589,"Sioux County, IA",1
590,"Story County, IA",9
591,"Tama County, IA",2
592,"Taylor County, IA",2
593,"Union County, IA",1
594,"Wapello County, IA",3
595,"Warren County, IA",1
596,"Washington County, IA",2
597,"Wayne County, IA",1
598,"Webster County, IA",3
599,"Winnebago County, IA",1
600,"Woodbury County, IA",6
601,"Ada County, ID",57
602,"Adams County, ID",1
603,"Bannock County, ID",19
604,"Bear Lake County, ID",2
605,"Benewah County, ID",2
606,"Bingham County, ID",8
607,"Blaine County, ID",4
608,"Bonner County, ID",7
609,"Bonneville County, ID",19
610,"Boundary County, ID",4
611,"Butte County, ID",1
612,"Canyon County, ID",23
613,"Caribou County, ID",2
614,"Cassia County, ID",1
615,"Clearwater County, ID",1
616,"Custer County, ID",1
617,"Elmore County, ID",3
618,"Franklin County, ID",3
619,"Fremont County, ID",1
620,"Gem County, ID",4
621,"Gooding County, ID",3
622,"Idaho County, ID",2
623,"Jefferson County, ID",2
624,"Jerome County, ID",3
625,"Kootenai County, ID",15
626,"Latah County, ID",10
627,"Lemhi County, ID",2
628,"Madison County, ID",8
629,"Minidoka County, ID",1
630,"Nez Perce County, ID",9
631,"Oneida County, ID",1
632,"Owyhee County, ID",1
633,"Payette County, ID",3
634,"Power County, ID",3
635,"Shoshone County, ID",3
636,"Teton County, ID",2
637,"Twin Falls County, ID",9
638,"Valley County, ID",2
639,"Washington County, ID",1
640,"Adams County, IL",5
641,"Alexander County, IL",1
642,"Bond County, IL",2
643,"Boone County, IL",1
644,"Bureau County, IL",1
645,"Calhoun County, IL",1
646,"Cass County, IL",2
647,"Champaign County, IL",17
648,"Christian County, IL",3
649,"Clay County, IL",1
650,"Clinton County, IL",3
651,"Coles County, IL",6
652,"Cook County, IL",455
653,"Cumberland County, IL",1
654,"De Witt County, IL",4
655,"DeKalb County, IL",8
656,"Douglas County, IL",1
657,"DuPage County, IL",100
658,"Edgar County, IL",2
659,"Effingham County, IL",3
660,"Fayette County, IL",1
661,"Ford County, IL",1
662,"Franklin County, IL",4
663,"Fulton County, IL",4
664,"Greene County, IL",1
665,"Grundy County, IL",5
666,"Hamilton County, IL",1
667,"Hancock County, IL",2
668,"Hardin County, IL",1
669,"Henry County, IL",5
670,"Iroquois County, IL",3
671,"Jackson County, IL",8
672,"Jasper County, IL",2
673,"Jefferson County, IL",3
674,"Jersey County, IL",3
675,"Jo Daviess County, IL",3
676,"Johnson County, IL",1
677,"Kane County, IL",40
678,"Kankakee County, IL",10
679,"Kendall County, IL",13
680,"Knox County, IL",6
681,"Lake County, IL",81
682,"LaSalle County, IL",10
683,"Lawrence County, IL",2
684,"Lee County, IL",2
685,"Livingston County, IL",5
686,"Logan County, IL",3
687,"Macon County, IL",13
688,"Macoupin County, IL",2
689,"Madison County, IL",25
690,"Marion County, IL",3
691,"Marshall County, IL",3
692,"Mason County, IL",1
693,"Massac County, IL",2
694,"McDonough County, IL",5
695,"McHenry County, IL",27
696,"McLean County, IL",16
697,"Monroe County, IL",5
698,"Montgomery County, IL",2
699,"Morgan County, IL",4
700,"Moultrie County, IL",2
701,"Ogle County, IL",3
702,"Peoria County, IL",24
703,"Piatt County, IL",1
704,"Pope County, IL",1
705,"Pulaski County, IL",1
706,"Putnam County, IL",1
707,"Randolph County, IL",2
708,"Richland County, IL",2
709,"Rock Island County, IL",23
710,"Saline County, IL",3
711,"Sangamon County, IL",25
712,"Shelby County, IL",1
713,"St. Clair County, IL",24
714,"Stephenson County, IL",5
715,"Tazewell County, IL",13
716,"Union County, IL",3
717,"Vermilion County, IL",6
718,"Wabash County, IL",1
719,"Warren County, IL",2
720,"Wayne County, IL",2
721,"White County, IL",1
722,"Whiteside County, IL",4
723,"Will County, IL",65
724,"Williamson County, IL",7
725,"Winnebago County, IL",27
726,"Woodford County, IL",4
727,"Adams County, IN",5
728,"Allen County, IN",42
729,"Bartholomew County, IN",12
730,"Benton County, IN",1
731,"Blackford County, IN",3
732,"Boone County, IN",11
733,"Brown County, IN",2
734,"Carroll County, IN",4
735,"Cass County, IN",3
736,"Clark County, IN",13
737,"Clay County, IN",4
738,"Clinton County, IN",4
739,"Crawford County, IN",2
740,"Daviess County, IN",3
741,"Dearborn County, IN",6
742,"Decatur County, IN",4
743,"DeKalb County, IN",4
744,"Delaware County, IN",17
745,"Dubois County, IN",6
746,"Elkhart County, IN",24
747,"Fayette County, IN",4
748,"Floyd County, IN",15
749,"Fountain County, IN",3
750,"Franklin County, IN",3
751,"Fulton County, IN",3
752,"Gibson County, IN",4
753,"Grant County, IN",8
754,"Greene County, IN",7
755,"Hamilton County, IN",43
756,"Hancock County, IN",10
757,"Harrison County, IN",3
758,"Hendricks County, IN",16
759,"Henry County, IN",8
760,"Howard County, IN",14
761,"Huntington County, IN",4
762,"Jackson County, IN",6
763,"Jasper County, IN",5
764,"Jay County, IN",6
765,"Jefferson County, IN",6
766,"Jennings County, IN",4
767,"Johnson County, IN",22
768,"Knox County, IN",5
769,"Kosciusko County, IN",7
770,"LaGrange County, IN",3
771,"Lake County, IN",54
772,"LaPorte County, IN",19
773,"Lawrence County, IN",8
774,"Madison County, IN",16
775,"Marion County, IN",110
776,"Marshall County, IN",7
777,"Martin County, IN",2
778,"Miami County, IN",4
779,"Monroe County, IN",15
780,"Montgomery County, IN",5
781,"Morgan County, IN",7
782,"Newton County, IN",3
783,"Noble County, IN",4
784,"Ohio County, IN",1
785,"Orange County, IN",5
786,"Owen County, IN",2
787,"Parke County, IN",3
788,"Perry County, IN",3
789,"Pike County, IN",2
790,"Porter County, IN",17
791,"Posey County, IN",2
792,"Pulaski County, IN",3
793,"Putnam County, IN",5
794,"Randolph County, IN",4
795,"Ripley County, IN",4
796,"Rush County, IN",4
797,"Scott County, IN",3
798,"Shelby County, IN",7
799,"Spencer County, IN",1
800,"St. Joseph County, IN",35
801,"Starke County, IN",6
802,"Steuben County, IN",4
803,"Sullivan County, IN",2
804,"Switzerland County, IN",2
805,"Tippecanoe County, IN",26
806,"Tipton County, IN",2
807,"Union County, IN",2
808,"Vanderburgh County, IN",21
809,"Vermillion County, IN",2
810,"Vigo County, IN",17
811,"Wabash County, IN",5
812,"Warren County, IN",1
813,"Warrick County, IN",4
814,"Washington County, IN",3
815,"Wayne County, IN",9
816,"Wells County, IN",3
817,"White County, IN",7
818,"Whitley County, IN",5
819,"Allen County, KS",2
820,"Atchison County, KS",3
821,"Barber County, KS",3
822,"Barton County, KS",3
823,"Bourbon County, KS",4
824,"Butler County, KS",3
825,"Cherokee County, KS",4
826,"Clay County, KS",2
827,"Cloud County, KS",2
828,"Cowley County, KS",4
829,"Crawford County, KS",4
830,"Dickinson County, KS",1
831,"Douglas County, KS",14
832,"Ellis County, KS",4
833,"Ellsworth County, KS",2
834,"Finney County, KS",6
835,"Ford County, KS",4
836,"Franklin County, KS",2
837,"Geary County, KS",4
838,"Grant County, KS",2
839,"Gray County, KS",2
840,"Hamilton County, KS",1
841,"Harvey County, KS",1
842,"Johnson County, KS",48
843,"Kearny County, KS",2
844,"Kingman County, KS",1
845,"Labette County, KS",4
846,"Leavenworth County, KS",5
847,"Lincoln County, KS",2
848,"Linn County, KS",2
849,"Lyon County, KS",4
850,"Marshall County, KS",1
851,"McPherson County, KS",1
852,"Meade County, KS",1
853,"Miami County, KS",2
854,"Mitchell County, KS",1
855,"Montgomery County, KS",2
856,"Neosho County, KS",2
857,"Ness County, KS",1
858,"Osborne County, KS",1
859,"Pawnee County, KS",1
860,"Pottawatomie County, KS",2
861,"Pratt County, KS",3
862,"Reno County, KS",4
863,"Rice County, KS",1
864,"Riley County, KS",6
865,"Saline County, KS",7
866,"Sedgwick County, KS",20
867,"Seward County, KS",2
868,"Shawnee County, KS",14
869,"Stevens County, KS",1
870,"Thomas County, KS",1
871,"Wyandotte County, KS",12
872,"Adair County, KY",3
873,"Allen County, KY",2
874,"Anderson County, KY",2
875,"Barren County, KY",2
876,"Bath County, KY",1
877,"Bell County, KY",5
878,"Boone County, KY",14
879,"Bourbon County, KY",2
880,"Boyd County, KY",6
881,"Boyle County, KY",2
882,"Bracken County, KY",2
883,"Breathitt County, KY",2
884,"Bullitt County, KY",13
885,"Butler County, KY",1
886,"Caldwell County, KY",1
887,"Calloway County, KY",4
888,"Campbell County, KY",8
889,"Carlisle County, KY",1
890,"Carroll County, KY",3
891,"Carter County, KY",2
892,"Casey County, KY",3
893,"Christian County, KY",3
894,"Clark County, KY",6
895,"Clay County, KY",2
896,"Crittenden County, KY",1
897,"Daviess County, KY",10
898,"Elliott County, KY",1
899,"Estill County, KY",3
900,"Fayette County, KY",33
901,"Fleming County, KY",1
902,"Floyd County, KY",9
903,"Franklin County, KY",7
904,"Fulton County, KY",1
905,"Gallatin County, KY",1
906,"Garrard County, KY",2
907,"Grant County, KY",1
908,"Graves County, KY",2
909,"Grayson County, KY",1
910,"Green County, KY",1
911,"Greenup County, KY",4
912,"Hardin County, KY",7
913,"Harlan County, KY",4
914,"Harrison County, KY",3
915,"Hart County, KY",2
916,"Henderson County, KY",5
917,"Henry County, KY",1
918,"Hopkins County, KY",6
919,"Jackson County, KY",2
920,"Jefferson County, KY",91
921,"Jessamine County, KY",7
922,"Johnson County, KY",1
923,"Kenton County, KY",18
924,"Knott County, KY",1
925,"Knox County, KY",5
926,"Larue County, KY",2
927,"Laurel County, KY",4
928,"Lawrence County, KY",2
929,"Lee County, KY",2
930,"Leslie County, KY",2
931,"Letcher County, KY",4
932,"Lewis County, KY",3
933,"Lincoln County, KY",1
934,"Logan County, KY",3
935,"Lyon County, KY",1
936,"Madison County, KY",9
937,"Magoffin County, KY",1
938,"Marion County, KY",1
939,"Marshall County, KY",3
940,"Martin County, KY",2
941,"Mason County, KY",3
942,"McCracken County, KY",9
943,"McCreary County, KY",2
944,"McLean County, KY",1
945,"Meade County, KY",2
946,"Mercer County, KY",2
947,"Metcalfe County, KY",1
948,"Montgomery County, KY",4
949,"Morgan County, KY",3
950,"Muhlenberg County, KY",4
951,"Nelson County, KY",2
952,"Oldham County, KY",3
953,"Owen County, KY",4
954,"Owsley County, KY",1
955,"Pendleton County, KY",1
956,"Perry County, KY",7
957,"Pike County, KY",8
958,"Powell County, KY",2
959,"Pulaski County, KY",8
960,"Rockcastle County, KY",2
961,"Rowan County, KY",2
962,"Russell County, KY",2
963,"Scott County, KY",4
964,"Shelby County, KY",4
965,"Simpson County, KY",2
966,"Taylor County, KY",1
967,"Todd County, KY",1
968,"Union County, KY",1
969,"Warren County, KY",12
970,"Washington County, KY",1
971,"Wayne County, KY",1
972,"Webster County, KY",1
973,"Whitley County, KY",3
974,"Wolfe County, KY",1
975,"Woodford County, KY",2
976,"Acadia Parish, LA",4
977,"Allen Parish, LA",2
978,"Ascension Parish, LA",10
979,"Avoyelles Parish, LA",3
980,"Beauregard Parish, LA",2
981,"Bienville Parish, LA",1
982,"Bossier Parish, LA",13
983,"Caddo Parish, LA",26
984,"Calcasieu Parish, LA",22
985,"Caldwell Parish, LA",1
986,"Claiborne Parish, LA",1
987,"Concordia Parish, LA",2
988,"De Soto Parish, LA",2
989,"East Baton Rouge Parish, LA",52
990,"East Feliciana Parish, LA",1
991,"Evangeline Parish, LA",2
992,"Franklin Parish, LA",2
993,"Iberia Parish, LA",8
994,"Iberville Parish, LA",3
995,"Jackson Parish, LA",2
996,"Jefferson Parish, LA",47
997,"Jefferson Davis Parish, LA",3
998,"La Salle Parish, LA",1
999,"Lafayette Parish, LA",32
1000,"Lafourche Parish, LA",8
1001,"Lincoln Parish, LA",4
1002,"Livingston Parish, LA",8
1003,"Morehouse Parish, LA",2
1004,"Natchitoches Parish, LA",2
1005,"Orleans Parish, LA",33
1006,"Ouachita Parish, LA",18
1007,"Plaquemines Parish, LA",1
1008,"Pointe Coupee Parish, LA",2
1009,"Rapides Parish, LA",13
1010,"Richland Parish, LA",2
1011,"Sabine Parish, LA",1
1012,"St. Bernard Parish, LA",5
1013,"St. Charles Parish, LA",7
1014,"St. Helena Parish, LA",1
1015,"St. James Parish, LA",2
1016,"St. John the Baptist Parish, LA",5
1017,"St. Landry Parish, LA",5
1018,"St. Martin Parish, LA",4
1019,"St. Mary Parish, LA",6
1020,"St. Tammany Parish, LA",28
1021,"Tangipahoa Parish, LA",12
1022,"Terrebonne Parish, LA",18
1023,"Union Parish, LA",2
1024,"Vermilion Parish, LA",6
1025,"Vernon Parish, LA",1
1026,"Washington Parish, LA",5
1027,"Webster Parish, LA",4
1028,"West Baton Rouge Parish, LA",1
1029,"West Carroll Parish, LA",2
1030,"West Feliciana Parish, LA",1
1031,"Winn Parish, LA",1
1032,"Barnstable County, MA",37
1033,"Berkshire County, MA",17
1034,"Bristol County, MA",52
1035,"Dukes County, MA",1
1036,"Essex County, MA",74
1037,"Franklin County, MA",5
1038,"Hampden County, MA",54
1039,"Hampshire County, MA",16
1040,"Middlesex County, MA",155
1041,"Nantucket County, MA",2
1042,"Norfolk County, MA",77
1043,"Plymouth County, MA",47
1044,"Suffolk County, MA",81
1045,"Worcester County, MA",69
1046,"Allegany County, MD",4
1047,"Anne Arundel County, MD",46
1048,"Baltimore city, MD",41
1049,"Baltimore County, MD",53
1050,"Calvert County, MD",7
1051,"Caroline County, MD",4
1052,"Carroll County, MD",11
1053,"Cecil County, MD",5
1054,"Charles County, MD",18
1055,"Dorchester County, MD",5
1056,"Frederick County, MD",19
1057,"Garrett County, MD",5
1058,"Harford County, MD",22
1059,"Howard County, MD",16
1060,"Kent County, MD",2
1061,"Montgomery County, MD",64
1062,"Prince George's County, MD",71
1063,"Queen Anne's County, MD",4
1064,"Somerset County, MD",3
1065,"St. Mary's County, MD",10
1066,"Talbot County, MD",7
1067,"Washington County, MD",12
1068,"Wicomico County, MD",15
1069,"Worcester County, MD",13
1070,"Androscoggin County, ME",22
1071,"Aroostook County, ME",21
1072,"Cumberland County, ME",43
1073,"Franklin County, ME",3
1074,"Hancock County, ME",13
1075,"Kennebec County, ME",28
1076,"Knox County, ME",5
1077,"Lincoln County, ME",2
1078,"Oxford County, ME",9
1079,"Penobscot County, ME",28
1080,"Piscataquis County, ME",5
1081,"Sagadahoc County, ME",5
1082,"Somerset County, ME",7
1083,"Waldo County, ME",2
1084,"Washington County, ME",9
1085,"York County, ME",24
1086,"Alcona County, MI",1
1087,"Allegan County, MI",7
1088,"Alpena County, MI",9
1089,"Antrim County, MI",2
1090,"Barry County, MI",1
1091,"Bay County, MI",8
1092,"Berrien County, MI",8
1093,"Branch County, MI",2
1094,"Calhoun County, MI",13
1095,"Cass County, MI",1
1096,"Charlevoix County, MI",1
1097,"Cheboygan County, MI",3
1098,"Clinton County, MI",3
1099,"Crawford County, MI",1
1100,"Delta County, MI",1
1101,"Eaton County, MI",9
1102,"Emmet County, MI",3
1103,"Genesee County, MI",58
1104,"Gladwin County, MI",2
1105,"Grand Traverse County, MI",9
1106,"Gratiot County, MI",2
1107,"Hillsdale County, MI",2
1108,"Huron County, MI",1
1109,"Ingham County, MI",29
1110,"Ionia County, MI",3
1111,"Iosco County, MI",1
1112,"Isabella County, MI",5
1113,"Jackson County, MI",9
1114,"Kalamazoo County, MI",14
1115,"Kalkaska County, MI",1
1116,"Kent County, MI",29
1117,"Lake County, MI",2
1118,"Lapeer County, MI",6
1119,"Lenawee County, MI",4
1120,"Livingston County, MI",9
1121,"Macomb County, MI",95
1122,"Manistee County, MI",2
1123,"Marquette County, MI",3
1124,"Mason County, MI",1
1125,"Mecosta County, MI",2
1126,"Menominee County, MI",1
1127,"Midland County, MI",5
1128,"Missaukee County, MI",1
1129,"Monroe County, MI",8
1130,"Montcalm County, MI",1
1131,"Montmorency County, MI",1
1132,"Muskegon County, MI",11
1133,"Newaygo County, MI",4
1134,"Oakland County, MI",133
1135,"Oceana County, MI",1
1136,"Osceola County, MI",1
1137,"Oscoda County, MI",1
1138,"Otsego County, MI",1
1139,"Ottawa County, MI",7
1140,"Presque Isle County, MI",1
1141,"Roscommon County, MI",1
1142,"Saginaw County, MI",20
1143,"Sanilac County, MI",1
1144,"Shiawassee County, MI",5
1145,"St. Clair County, MI",14
1146,"St. Joseph County, MI",4
1147,"Tuscola County, MI",1
1148,"Van Buren County, MI",4
1149,"Washtenaw County, MI",28
1150,"Wayne County, MI",151
1151,"Wexford County, MI",2
1152,"Aitkin County, MN",1
1153,"Anoka County, MN",25
1154,"Becker County, MN",2
1155,"Beltrami County, MN",5
1156,"Benton County, MN",2
1157,"Blue Earth County, MN",7
1158,"Brown County, MN",2
1159,"Carlton County, MN",2
1160,"Carver County, MN",6
1161,"Chisago County, MN",1
1162,"Clay County, MN",7
1163,"Clearwater County, MN",1
1164,"Cottonwood County, MN",2
1165,"Crow Wing County, MN",4
1166,"Dakota County, MN",34
1167,"Dodge County, MN",1
1168,"Douglas County, MN",3
1169,"Fillmore County, MN",2
1170,"Freeborn County, MN",3
1171,"Goodhue County, MN",3
1172,"Hennepin County, MN",69
1173,"Hubbard County, MN",2
1174,"Isanti County, MN",2
1175,"Itasca County, MN",3
1176,"Kandiyohi County, MN",2
1177,"Lac qui Parle County, MN",1
1178,"Lake of the Woods County, MN",1
1179,"Le Sueur County, MN",1
1180,"Lyon County, MN",1
1181,"Martin County, MN",2
1182,"McLeod County, MN",2
1183,"Morrison County, MN",1
1184,"Mower County, MN",3
1185,"Nicollet County, MN",2
1186,"Nobles County, MN",2
1187,"Norman County, MN",1
1188,"Olmsted County, MN",11
1189,"Otter Tail County, MN",6
1190,"Pennington County, MN",2
1191,"Pine County, MN",1
1192,"Polk County, MN",4
1193,"Ramsey County, MN",33
1194,"Red Lake County, MN",1
1195,"Rice County, MN",3
1196,"Roseau County, MN",1
1197,"Scott County, MN",9
1198,"Sherburne County, MN",2
1199,"St. Louis County, MN",14
1200,"Stearns County, MN",12
1201,"Steele County, MN",4
1202,"Todd County, MN",2
1203,"Wabasha County, MN",1
1204,"Wadena County, MN",3
1205,"Waseca County, MN",1
1206,"Washington County, MN",21
1207,"Wilkin County, MN",1
1208,"Winona County, MN",5
1209,"Wright County, MN",8
1210,"Adair County, MO",3
1211,"Atchison County, MO",2
1212,"Audrain County, MO",2
1213,"Barry County, MO",2
1214,"Barton County, MO",1
1215,"Bates County, MO",1
1216,"Benton County, MO",1
1217,"Bollinger County, MO",2
1218,"Boone County, MO",14
1219,"Buchanan County, MO",10
1220,"Butler County, MO",8
1221,"Callaway County, MO",2
1222,"Cape Girardeau County, MO",12
1223,"Carroll County, MO",1
1224,"Cass County, MO",6
1225,"Cedar County, MO",2
1226,"Chariton County, MO",2
1227,"Christian County, MO",2
1228,"Clay County, MO",19
1229,"Clinton County, MO",1
1230,"Cole County, MO",8
1231,"Cooper County, MO",1
1232,"Crawford County, MO",2
1233,"Dallas County, MO",1
1234,"Daviess County, MO",1
1235,"Dent County, MO",1
1236,"Douglas County, MO",2
1237,"Dunklin County, MO",2
1238,"Franklin County, MO",10
1239,"Gasconade County, MO",1
1240,"Gentry County, MO",1
1241,"Greene County, MO",25
1242,"Grundy County, MO",1
1243,"Harrison County, MO",2
1244,"Henry County, MO",3
1245,"Howell County, MO",5
1246,"Iron County, MO",3
1247,"Jackson County, MO",55
1248,"Jasper County, MO",13
1249,"Jefferson County, MO",10
1250,"Johnson County, MO",3
1251,"Laclede County, MO",2
1252,"Lafayette County, MO",2
1253,"Lawrence County, MO",3
1254,"Lincoln County, MO",3
1255,"Linn County, MO",2
1256,"Livingston County, MO",3
1257,"Macon County, MO",3
1258,"Madison County, MO",2
1259,"Marion County, MO",2
1260,"McDonald County, MO",1
1261,"Mercer County, MO",1
1262,"Miller County, MO",5
1263,"Mississippi County, MO",1
1264,"Montgomery County, MO",1
1265,"Morgan County, MO",1
1266,"New Madrid County, MO",2
1267,"Newton County, MO",2
1268,"Nodaway County, MO",2
1269,"Oregon County, MO",1
1270,"Osage County, MO",1
1271,"Pemiscot County, MO",2
1272,"Perry County, MO",1
1273,"Pettis County, MO",3
1274,"Phelps County, MO",3
1275,"Platte County, MO",8
1276,"Polk County, MO",1
1277,"Putnam County, MO",1
1278,"Randolph County, MO",2
1279,"Ray County, MO",1
1280,"Ripley County, MO",1
1281,"Saline County, MO",2
1282,"Scott County, MO",3
1283,"St. Charles County, MO",32
1284,"St. Clair County, MO",1
1285,"St. Francois County, MO",7
1286,"St. Louis County, MO",106
1287,"St. Louis city, MO",106
1288,"Ste. Genevieve County, MO",1
1289,"Stoddard County, MO",1
1290,"Stone County, MO",1
1291,"Taney County, MO",4
1292,"Texas County, MO",3
1293,"Warren County, MO",2
1294,"Washington County, MO",1
1295,"Wayne County, MO",1
1296,"Webster County, MO",6
1297,"Wright County, MO",1
1298,"Adams County, MS",5
1299,"Alcorn County, MS",2
1300,"Attala County, MS",3
1301,"Bolivar County, MS",2
1302,"Calhoun County, MS",1
1303,"Chickasaw County, MS",3
1304,"Clarke County, MS",1
1305,"Clay County, MS",1
1306,"Coahoma County, MS",2
1307,"Copiah County, MS",2
1308,"Covington County, MS",1
1309,"DeSoto County, MS",26
1310,"Forrest County, MS",10
1311,"Grenada County, MS",2
1312,"Hancock County, MS",3
1313,"Harrison County, MS",19
1314,"Hinds County, MS",22
1315,"Jackson County, MS",8
1316,"Jones County, MS",7
1317,"Lafayette County, MS",3
1318,"Lamar County, MS",6
1319,"Lauderdale County, MS",7
1320,"Leake County, MS",2
1321,"Lee County, MS",7
1322,"Leflore County, MS",3
1323,"Lincoln County, MS",2
1324,"Lowndes County, MS",5
1325,"Madison County, MS",13
1326,"Marion County, MS",2
1327,"Marshall County, MS",2
1328,"Monroe County, MS",1
1329,"Neshoba County, MS",2
1330,"Noxubee County, MS",1
1331,"Oktibbeha County, MS",4
1332,"Panola County, MS",2
1333,"Pearl River County, MS",4
1334,"Pike County, MS",5
1335,"Pontotoc County, MS",1
1336,"Prentiss County, MS",3
1337,"Rankin County, MS",16
1338,"Scott County, MS",1
1339,"Simpson County, MS",1
1340,"Stone County, MS",1
1341,"Sunflower County, MS",1
1342,"Tate County, MS",1
1343,"Tippah County, MS",1
1344,"Tishomingo County, MS",1
1345,"Union County, MS",2
1346,"Warren County, MS",5
1347,"Washington County, MS",6
1348,"Wayne County, MS",1
1349,"Winston County, MS",1
1350,"Yazoo County, MS",2
1351,"Beaverhead County, MT",1
1352,"Cascade County, MT",6
1353,"Custer County, MT",2
1354,"Dawson County, MT",1
1355,"Deer Lodge County, MT",1
1356,"Fergus County, MT",1
1357,"Flathead County, MT",6
1358,"Gallatin County, MT",5
1359,"Glacier County, MT",1
1360,"Lake County, MT",2
1361,"Lewis and Clark County, MT",5
1362,"Missoula County, MT",8
1363,"Park County, MT",1
1364,"Powell County, MT",1
1365,"Ravalli County, MT",2
1366,"Silver Bow County, MT",3
1367,"Yellowstone County, MT",16
1368,"Alamance County, NC",14
1369,"Alexander County, NC",1
1370,"Alleghany County, NC",1
1371,"Anson County, NC",1
1372,"Ashe County, NC",4
1373,"Avery County, NC",3
1374,"Beaufort County, NC",4
1375,"Bladen County, NC",2
1376,"Brunswick County, NC",15
1377,"Buncombe County, NC",44
1378,"Burke County, NC",6
1379,"Cabarrus County, NC",21
1380,"Caldwell County, NC",8
1381,"Carteret County, NC",9
1382,"Catawba County, NC",16
1383,"Chatham County, NC",5
1384,"Cherokee County, NC",4
1385,"Chowan County, NC",2
1386,"Clay County, NC",3
1387,"Cleveland County, NC",11
1388,"Columbus County, NC",3
1389,"Craven County, NC",8
1390,"Cumberland County, NC",23
1391,"Dare County, NC",8
1392,"Davidson County, NC",11
1393,"Davie County, NC",3
1394,"Duplin County, NC",4
1395,"Durham County, NC",35
1396,"Edgecombe County, NC",1
1397,"Forsyth County, NC",34
1398,"Franklin County, NC",4
1399,"Gaston County, NC",24
1400,"Graham County, NC",1
1401,"Granville County, NC",4
1402,"Greene County, NC",1
1403,"Guilford County, NC",55
1404,"Halifax County, NC",3
1405,"Harnett County, NC",7
1406,"Haywood County, NC",8
1407,"Henderson County, NC",24
1408,"Hertford County, NC",3
1409,"Hoke County, NC",1
1410,"Iredell County, NC",15
1411,"Jackson County, NC",3
1412,"Johnston County, NC",11
1413,"Jones County, NC",1
1414,"Lee County, NC",6
1415,"Lenoir County, NC",2
1416,"Lincoln County, NC",7
1417,"Macon County, NC",4
1418,"Madison County, NC",3
1419,"Martin County, NC",1
1420,"McDowell County, NC",3
1421,"Mecklenburg County, NC",101
1422,"Mitchell County, NC",5
1423,"Montgomery County, NC",1
1424,"Moore County, NC",8
1425,"Nash County, NC",8
1426,"New Hanover County, NC",28
1427,"Onslow County, NC",10
1428,"Orange County, NC",11
1429,"Pamlico County, NC",1
1430,"Pasquotank County, NC",2
1431,"Pender County, NC",7
1432,"Person County, NC",2
1433,"Pitt County, NC",17
1434,"Polk County, NC",2
1435,"Randolph County, NC",8
1436,"Richmond County, NC",2
1437,"Robeson County, NC",7
1438,"Rockingham County, NC",6
1439,"Rowan County, NC",8
1440,"Rutherford County, NC",6
1441,"Sampson County, NC",3
1442,"Scotland County, NC",3
1443,"Stanly County, NC",7
1444,"Stokes County, NC",3
1445,"Surry County, NC",8
1446,"Swain County, NC",3
1447,"Transylvania County, NC",5
1448,"Union County, NC",23
1449,"Vance County, NC",3
1450,"Wake County, NC",118
1451,"Warren County, NC",1
1452,"Washington County, NC",1
1453,"Watauga County, NC",4
1454,"Wayne County, NC",4
1455,"Wilkes County, NC",6
1456,"Wilson County, NC",6
1457,"Yadkin County, NC",2
1458,"Yancey County, NC",4
1459,"Adams County, ND",3
1460,"Barnes County, ND",4
1461,"Benson County, ND",1
1462,"Billings County, ND",1
1463,"Bottineau County, ND",2
1464,"Bowman County, ND",3
1465,"Burke County, ND",2
1466,"Burleigh County, ND",29
1467,"Cass County, ND",30
1468,"Cavalier County, ND",1
1469,"Dickey County, ND",2
1470,"Divide County, ND",1
1471,"Emmons County, ND",2
1472,"Foster County, ND",4
1473,"Golden Valley County, ND",2
1474,"Grand Forks County, ND",6
1475,"Grant County, ND",3
1476,"Griggs County, ND",1
1477,"Hettinger County, ND",3
1478,"Kidder County, ND",1
1479,"LaMoure County, ND",2
1480,"McHenry County, ND",3
1481,"McIntosh County, ND",2
1482,"McKenzie County, ND",2
1483,"McLean County, ND",6
1484,"Mercer County, ND",3
1485,"Morton County, ND",3
1486,"Mountrail County, ND",2
1487,"Nelson County, ND",1
1488,"Oliver County, ND",1
1489,"Pembina County, ND",4
1490,"Pierce County, ND",2
1491,"Ramsey County, ND",3
1492,"Ransom County, ND",5
1493,"Renville County, ND",2
1494,"Richland County, ND",7
1495,"Rolette County, ND",3
1496,"Sargent County, ND",1
1497,"Sheridan County, ND",2
1498,"Stark County, ND",7
1499,"Stutsman County, ND",3
1500,"Towner County, ND",2
1501,"Traill County, ND",3
1502,"Walsh County, ND",7
1503,"Ward County, ND",14
1504,"Wells County, ND",3
1505,"Williams County, ND",6
1506,"Adams County, NE",2
1507,"Box Butte County, NE",1
1508,"Buffalo County, NE",3
1509,"Cass County, NE",1
1510,"Chase County, NE",1
1511,"Cheyenne County, NE",1
1512,"Cuming County, NE",1
1513,"Dakota County, NE",2
1514,"Dawes County, NE",2
1515,"Dawson County, NE",2
1516,"Dodge County, NE",4
1517,"Douglas County, NE",39
1518,"Gage County, NE",1
1519,"Hall County, NE",1
1520,"Hamilton County, NE",1
1521,"Holt County, NE",1
1522,"Jefferson County, NE",1
1523,"Keith County, NE",2
1524,"Knox County, NE",1
1525,"Lancaster County, NE",23
1526,"Lincoln County, NE",2
1527,"Madison County, NE",4
1528,"Nuckolls County, NE",1
1529,"Otoe County, NE",2
1530,"Platte County, NE",3
1531,"Polk County, NE",1
1532,"Red Willow County, NE",1
1533,"Saline County, NE",1
1534,"Sarpy County, NE",10
1535,"Saunders County, NE",1
1536,"Scotts Bluff County, NE",2
1537,"Sherman County, NE",1
1538,"Valley County, NE",1
1539,"Washington County, NE",2
1540,"York County, NE",2
1541,"Belknap County, NH",2
1542,"Carroll County, NH",4
1543,"Cheshire County, NH",4
1544,"Grafton County, NH",10
1545,"Hillsborough County, NH",48
1546,"Merrimack County, NH",13
1547,"Rockingham County, NH",26
1548,"Strafford County, NH",5
1549,"Sullivan County, NH",1
1550,"Atlantic County, NJ",28
1551,"Bergen County, NJ",75
1552,"Burlington County, NJ",51
1553,"Camden County, NJ",72
1554,"Cape May County, NJ",18
1555,"Cumberland County, NJ",19
1556,"Essex County, NJ",48
1557,"Gloucester County, NJ",42
1558,"Hudson County, NJ",43
1559,"Hunterdon County, NJ",10
1560,"Mercer County, NJ",33
1561,"Middlesex County, NJ",87
1562,"Monmouth County, NJ",65
1563,"Morris County, NJ",45
1564,"Ocean County, NJ",58
1565,"Passaic County, NJ",27
1566,"Salem County, NJ",7
1567,"Somerset County, NJ",38
1568,"Sussex County, NJ",9
1569,"Union County, NJ",53
1570,"Warren County, NJ",12
1571,"Bernalillo County, NM",63
1572,"Chaves County, NM",6
1573,"Cibola County, NM",1
1574,"Curry County, NM",2
1575,"Do̱a Ana County, NM",12
1576,"Eddy County, NM",5
1577,"Grant County, NM",3
1578,"Lea County, NM",4
1579,"Lincoln County, NM",3
1580,"Los Alamos County, NM",2
1581,"Luna County, NM",1
1582,"McKinley County, NM",3
1583,"Otero County, NM",4
1584,"Rio Arriba County, NM",2
1585,"Roosevelt County, NM",1
1586,"San Juan County, NM",8
1587,"San Miguel County, NM",1
1588,"Sandoval County, NM",11
1589,"Santa Fe County, NM",16
1590,"Sierra County, NM",1
1591,"Socorro County, NM",1
1592,"Taos County, NM",3
1593,"Valencia County, NM",2
1594,"Carson City, NV",5
1595,"Churchill County, NV",3
1596,"Clark County, NV",243
1597,"Douglas County, NV",5
1598,"Elko County, NV",4
1599,"Humboldt County, NV",1
1600,"Lyon County, NV",4
1601,"Mineral County, NV",1
1602,"Nye County, NV",5
1603,"Washoe County, NV",38
1604,"White Pine County, NV",1
1605,"Albany County, NY",36
1606,"Allegany County, NY",2
1607,"Bronx County, NY",71
1608,"Broome County, NY",23
1609,"Cattaraugus County, NY",5
1610,"Cayuga County, NY",2
1611,"Chautauqua County, NY",12
1612,"Chemung County, NY",7
1613,"Chenango County, NY",2
1614,"Clinton County, NY",3
1615,"Columbia County, NY",4
1616,"Cortland County, NY",5
1617,"Delaware County, NY",4
1618,"Dutchess County, NY",24
1619,"Erie County, NY",91
1620,"Essex County, NY",1
1621,"Franklin County, NY",2
1622,"Fulton County, NY",4
1623,"Genesee County, NY",5
1624,"Greene County, NY",2
1625,"Herkimer County, NY",2
1626,"Jefferson County, NY",4
1627,"Kings County, NY",113
1628,"Livingston County, NY",4
1629,"Madison County, NY",4
1630,"Monroe County, NY",53
1631,"Montgomery County, NY",5
1632,"Nassau County, NY",107
1633,"New York County, NY",166
1634,"Niagara County, NY",21
1635,"Oneida County, NY",20
1636,"Onondaga County, NY",33
1637,"Ontario County, NY",7
1638,"Orange County, NY",29
1639,"Orleans County, NY",3
1640,"Oswego County, NY",5
1641,"Otsego County, NY",4
1642,"Putnam County, NY",8
1643,"Queens County, NY",98
1644,"Rensselaer County, NY",15
1645,"Richmond County, NY",43
1646,"Rockland County, NY",20
1647,"Saratoga County, NY",21
1648,"Schenectady County, NY",16
1649,"Schoharie County, NY",3
1650,"Schuyler County, NY",1
1651,"Seneca County, NY",1
1652,"St. Lawrence County, NY",7
1653,"Steuben County, NY",6
1654,"Suffolk County, NY",100
1655,"Sullivan County, NY",4
1656,"Tioga County, NY",2
1657,"Tompkins County, NY",2
1658,"Ulster County, NY",12
1659,"Warren County, NY",16
1660,"Washington County, NY",6
1661,"Wayne County, NY",8
1662,"Westchester County, NY",73
1663,"Yates County, NY",3
1664,"Adams County, OH",4
1665,"Allen County, OH",20
1666,"Ashland County, OH",5
1667,"Ashtabula County, OH",21
1668,"Athens County, OH",12
1669,"Auglaize County, OH",11
1670,"Belmont County, OH",14
1671,"Brown County, OH",5
1672,"Butler County, OH",47
1673,"Carroll County, OH",6
1674,"Champaign County, OH",5
1675,"Clark County, OH",21
1676,"Clermont County, OH",32
1677,"Clinton County, OH",9
1678,"Columbiana County, OH",20
1679,"Coshocton County, OH",7
1680,"Crawford County, OH",10
1681,"Cuyahoga County, OH",220
1682,"Darke County, OH",8
1683,"Defiance County, OH",7
1684,"Delaware County, OH",28
1685,"Erie County, OH",10
1686,"Fairfield County, OH",17
1687,"Fayette County, OH",6
1688,"Franklin County, OH",162
1689,"Fulton County, OH",7
1690,"Gallia County, OH",4
1691,"Geauga County, OH",17
1692,"Greene County, OH",25
1693,"Guernsey County, OH",7
1694,"Hamilton County, OH",135
1695,"Hancock County, OH",9
1696,"Hardin County, OH",6
1697,"Harrison County, OH",3
1698,"Henry County, OH",4
1699,"Highland County, OH",10
1700,"Hocking County, OH",5
1701,"Holmes County, OH",5
1702,"Huron County, OH",11
1703,"Jackson County, OH",9
1704,"Jefferson County, OH",13
1705,"Knox County, OH",9
1706,"Lake County, OH",34
1707,"Lawrence County, OH",9
1708,"Licking County, OH",19
1709,"Logan County, OH",12
1710,"Lorain County, OH",52
1711,"Lucas County, OH",73
1712,"Madison County, OH",7
1713,"Mahoning County, OH",39
1714,"Marion County, OH",12
1715,"Medina County, OH",25
1716,"Meigs County, OH",3
1717,"Mercer County, OH",6
1718,"Miami County, OH",9
1719,"Monroe County, OH",1
1720,"Montgomery County, OH",91
1721,"Morgan County, OH",3
1722,"Morrow County, OH",5
1723,"Muskingum County, OH",17
1724,"Noble County, OH",2
1725,"Ottawa County, OH",9
1726,"Paulding County, OH",3
1727,"Perry County, OH",6
1728,"Pickaway County, OH",8
1729,"Pike County, OH",4
1730,"Portage County, OH",24
1731,"Preble County, OH",4
1732,"Putnam County, OH",4
1733,"Richland County, OH",21
1734,"Ross County, OH",12
1735,"Sandusky County, OH",13
1736,"Scioto County, OH",11
1737,"Seneca County, OH",9
1738,"Shelby County, OH",4
1739,"Stark County, OH",82
1740,"Summit County, OH",93
1741,"Trumbull County, OH",35
1742,"Tuscarawas County, OH",16
1743,"Union County, OH",5
1744,"Van Wert County, OH",5
1745,"Vinton County, OH",3
1746,"Warren County, OH",26
1747,"Washington County, OH",13
1748,"Wayne County, OH",15
1749,"Williams County, OH",7
1750,"Wood County, OH",13
1751,"Wyandot County, OH",4
1752,"Adair County, OK",1
1753,"Atoka County, OK",2
1754,"Beckham County, OK",2
1755,"Bryan County, OK",3
1756,"Caddo County, OK",1
1757,"Canadian County, OK",6
1758,"Carter County, OK",2
1759,"Cherokee County, OK",3
1760,"Choctaw County, OK",1
1761,"Cleveland County, OK",21
1762,"Comanche County, OK",11
1763,"Craig County, OK",1
1764,"Creek County, OK",2
1765,"Custer County, OK",2
1766,"Delaware County, OK",1
1767,"Garfield County, OK",4
1768,"Garvin County, OK",2
1769,"Grady County, OK",2
1770,"Haskell County, OK",1
1771,"Hughes County, OK",1
1772,"Jackson County, OK",2
1773,"Kay County, OK",3
1774,"Kiowa County, OK",1
1775,"Logan County, OK",1
1776,"Love County, OK",1
1777,"Marshall County, OK",1
1778,"Mayes County, OK",1
1779,"McClain County, OK",2
1780,"McCurtain County, OK",1
1781,"McIntosh County, OK",1
1782,"Muskogee County, OK",4
1783,"Oklahoma County, OK",59
1784,"Okmulgee County, OK",3
1785,"Osage County, OK",1
1786,"Ottawa County, OK",3
1787,"Payne County, OK",9
1788,"Pittsburg County, OK",2
1789,"Pontotoc County, OK",2
1790,"Pottawatomie County, OK",3
1791,"Rogers County, OK",3
1792,"Stephens County, OK",3
1793,"Texas County, OK",2
1794,"Tulsa County, OK",62
1795,"Wagoner County, OK",2
1796,"Washington County, OK",3
1797,"Woodward County, OK",1
1798,"Baker County, OR",4
1799,"Benton County, OR",8
1800,"Clackamas County, OR",32
1801,"Clatsop County, OR",6
1802,"Columbia County, OR",2
1803,"Coos County, OR",7
1804,"Crook County, OR",1
1805,"Curry County, OR",2
1806,"Deschutes County, OR",13
1807,"Douglas County, OR",9
1808,"Harney County, OR",2
1809,"Hood River County, OR",4
1810,"Jackson County, OR",21
1811,"Jefferson County, OR",1
1812,"Josephine County, OR",7
1813,"Klamath County, OR",5
1814,"Lane County, OR",33
1815,"Lincoln County, OR",7
1816,"Linn County, OR",12
1817,"Malheur County, OR",3
1818,"Marion County, OR",28
1819,"Multnomah County, OR",55
1820,"Polk County, OR",5
1821,"Tillamook County, OR",1
1822,"Umatilla County, OR",8
1823,"Union County, OR",3
1824,"Wallowa County, OR",1
1825,"Wasco County, OR",3
1826,"Washington County, OR",44
1827,"Yamhill County, OR",7
1828,"Adams County, PA",3
1829,"Allegheny County, PA",142
1830,"Armstrong County, PA",1
1831,"Beaver County, PA",19
1832,"Bedford County, PA",5
1833,"Berks County, PA",28
1834,"Blair County, PA",10
1835,"Bradford County, PA",4
1836,"Bucks County, PA",47
1837,"Butler County, PA",21
1838,"Cambria County, PA",20
1839,"Cameron County, PA",1
1840,"Carbon County, PA",6
1841,"Centre County, PA",9
1842,"Chester County, PA",55
1843,"Clarion County, PA",4
1844,"Clearfield County, PA",6
1845,"Clinton County, PA",2
1846,"Columbia County, PA",4
1847,"Crawford County, PA",9
1848,"Cumberland County, PA",25
1849,"Dauphin County, PA",24
1850,"Delaware County, PA",59
1851,"Elk County, PA",4
1852,"Erie County, PA",35
1853,"Fayette County, PA",16
1854,"Franklin County, PA",11
1855,"Greene County, PA",4
1856,"Huntingdon County, PA",3
1857,"Indiana County, PA",4
1858,"Jefferson County, PA",4
1859,"Lackawanna County, PA",21
1860,"Lancaster County, PA",29
1861,"Lawrence County, PA",15
1862,"Lebanon County, PA",8
1863,"Lehigh County, PA",28
1864,"Luzerne County, PA",29
1865,"Lycoming County, PA",9
1866,"McKean County, PA",4
1867,"Mercer County, PA",18
1868,"Mifflin County, PA",2
1869,"Monroe County, PA",17
1870,"Montgomery County, PA",85
1871,"Montour County, PA",2
1872,"Northampton County, PA",26
1873,"Northumberland County, PA",7
1874,"Perry County, PA",3
1875,"Philadelphia County, PA",158
1876,"Pike County, PA",2
1877,"Potter County, PA",2
1878,"Schuylkill County, PA",9
1879,"Snyder County, PA",2
1880,"Somerset County, PA",7
1881,"Susquehanna County, PA",6
1882,"Tioga County, PA",4
1883,"Union County, PA",2
1884,"Venango County, PA",5
1885,"Warren County, PA",2
1886,"Washington County, PA",23
1887,"Wayne County, PA",5
1888,"Westmoreland County, PA",32
1889,"Wyoming County, PA",3
1890,"York County, PA",28
1891,"Bristol County, RI",3
1892,"Kent County, RI",14
1893,"Newport County, RI",6
1894,"Providence County, RI",40
1895,"Washington County, RI",9
1896,"Abbeville County, SC",8
1897,"Aiken County, SC",31
1898,"Allendale County, SC",2
1899,"Anderson County, SC",49
1900,"Bamberg County, SC",5
1901,"Barnwell County, SC",4
1902,"Beaufort County, SC",45
1903,"Berkeley County, SC",42
1904,"Calhoun County, SC",1
1905,"Charleston County, SC",111
1906,"Cherokee County, SC",11
1907,"Chester County, SC",8
1908,"Chesterfield County, SC",14
1909,"Clarendon County, SC",7
1910,"Colleton County, SC",10
1911,"Darlington County, SC",15
1912,"Dillon County, SC",8
1913,"Dorchester County, SC",31
1914,"Edgefield County, SC",4
1915,"Fairfield County, SC",3
1916,"Florence County, SC",49
1917,"Georgetown County, SC",21
1918,"Greenville County, SC",111
1919,"Greenwood County, SC",20
1920,"Hampton County, SC",5
1921,"Horry County, SC",88
1922,"Jasper County, SC",7
1923,"Kershaw County, SC",6
1924,"Lancaster County, SC",19
1925,"Laurens County, SC",11
1926,"Lee County, SC",5
1927,"Lexington County, SC",58
1928,"Marion County, SC",12
1929,"Marlboro County, SC",7
1930,"McCormick County, SC",4
1931,"Newberry County, SC",10
1932,"Oconee County, SC",20
1933,"Orangeburg County, SC",17
1934,"Pickens County, SC",31
1935,"Richland County, SC",83
1936,"Saluda County, SC",5
1937,"Spartanburg County, SC",61
1938,"Sumter County, SC",17
1939,"Union County, SC",11
1940,"Williamsburg County, SC",12
1941,"York County, SC",50
1942,"Aurora County, SD",1
1943,"Beadle County, SD",5
1944,"Bennett County, SD",2
1945,"Brookings County, SD",2
1946,"Brown County, SD",2
1947,"Brule County, SD",1
1948,"Buffalo County, SD",1
1949,"Butte County, SD",3
1950,"Clark County, SD",1
1951,"Clay County, SD",2
1952,"Codington County, SD",1
1953,"Corson County, SD",1
1954,"Custer County, SD",1
1955,"Davison County, SD",4
1956,"Dewey County, SD",2
1957,"Fall River County, SD",1
1958,"Hamlin County, SD",1
1959,"Harding County, SD",1
1960,"Hughes County, SD",2
1961,"Jackson County, SD",1
1962,"Jerauld County, SD",2
1963,"Kingsbury County, SD",3
1964,"Lake County, SD",1
1965,"Lawrence County, SD",4
1966,"Lincoln County, SD",1
1967,"Meade County, SD",2
1968,"Mellette County, SD",1
1969,"Miner County, SD",1
1970,"Minnehaha County, SD",8
1971,"Pennington County, SD",8
1972,"Perkins County, SD",1
1973,"Roberts County, SD",1
1974,"Sanborn County, SD",1
1975,"Todd County, SD",1
1976,"Turner County, SD",1
1977,"Union County, SD",2
1978,"Walworth County, SD",1
1979,"Yankton County, SD",2
1980,"Anderson County, TN",7
1981,"Bedford County, TN",4
1982,"Benton County, TN",1
1983,"Blount County, TN",12
1984,"Bradley County, TN",13
1985,"Campbell County, TN",5
1986,"Cannon County, TN",1
1987,"Carroll County, TN",3
1988,"Carter County, TN",6
1989,"Cheatham County, TN",1
1990,"Claiborne County, TN",5
1991,"Clay County, TN",1
1992,"Cocke County, TN",8
1993,"Coffee County, TN",8
1994,"Cumberland County, TN",2
1995,"Davidson County, TN",95
1996,"DeKalb County, TN",2
1997,"Dickson County, TN",2
1998,"Dyer County, TN",3
1999,"Fayette County, TN",2
2000,"Fentress County, TN",2
2001,"Franklin County, TN",3
2002,"Gibson County, TN",7
2003,"Giles County, TN",3
2004,"Grainger County, TN",4
2005,"Greene County, TN",9
2006,"Hamblen County, TN",12
2007,"Hamilton County, TN",64
2008,"Hancock County, TN",2
2009,"Hardeman County, TN",1
2010,"Hardin County, TN",10
2011,"Hawkins County, TN",9
2012,"Haywood County, TN",2
2013,"Henderson County, TN",3
2014,"Henry County, TN",4
2015,"Hickman County, TN",1
2016,"Humphreys County, TN",1
2017,"Jefferson County, TN",4
2018,"Johnson County, TN",3
2019,"Knox County, TN",75
2020,"Lauderdale County, TN",2
2021,"Lawrence County, TN",3
2022,"Lewis County, TN",2
2023,"Lincoln County, TN",3
2024,"Loudon County, TN",5
2025,"Macon County, TN",2
2026,"Madison County, TN",13
2027,"Marion County, TN",3
2028,"Marshall County, TN",7
2029,"Maury County, TN",11
2030,"McMinn County, TN",8
2031,"McNairy County, TN",6
2032,"Monroe County, TN",8
2033,"Montgomery County, TN",17
2034,"Morgan County, TN",2
2035,"Obion County, TN",3
2036,"Overton County, TN",1
2037,"Putnam County, TN",10
2038,"Rhea County, TN",3
2039,"Roane County, TN",4
2040,"Robertson County, TN",6
2041,"Rutherford County, TN",34
2042,"Scott County, TN",6
2043,"Sequatchie County, TN",2
2044,"Sevier County, TN",16
2045,"Shelby County, TN",84
2046,"Smith County, TN",1
2047,"Sullivan County, TN",25
2048,"Sumner County, TN",16
2049,"Tipton County, TN",3
2050,"Trousdale County, TN",1
2051,"Unicoi County, TN",4
2052,"Union County, TN",1
2053,"Van Buren County, TN",1
2054,"Warren County, TN",4
2055,"Washington County, TN",20
2056,"Wayne County, TN",3
2057,"Weakley County, TN",3
2058,"White County, TN",2
2059,"Williamson County, TN",38
2060,"Wilson County, TN",11
2061,"Anderson County, TX",6
2062,"Andrews County, TX",1
2063,"Angelina County, TX",10
2064,"Aransas County, TX",6
2065,"Archer County, TX",2
2066,"Atascosa County, TX",4
2067,"Austin County, TX",5
2068,"Bailey County, TX",4
2069,"Bandera County, TX",2
2070,"Bastrop County, TX",11
2071,"Baylor County, TX",3
2072,"Bee County, TX",5
2073,"Bell County, TX",23
2074,"Bexar County, TX",181
2075,"Bosque County, TX",1
2076,"Bowie County, TX",13
2077,"Brazoria County, TX",48
2078,"Brazos County, TX",32
2079,"Brewster County, TX",1
2080,"Brooks County, TX",2
2081,"Brown County, TX",6
2082,"Burleson County, TX",1
2083,"Burnet County, TX",9
2084,"Caldwell County, TX",6
2085,"Calhoun County, TX",6
2086,"Callahan County, TX",3
2087,"Cameron County, TX",38
2088,"Camp County, TX",1
2089,"Carson County, TX",1
2090,"Cass County, TX",4
2091,"Castro County, TX",1
2092,"Chambers County, TX",5
2093,"Cherokee County, TX",7
2094,"Childress County, TX",4
2095,"Clay County, TX",2
2096,"Cochran County, TX",1
2097,"Coleman County, TX",3
2098,"Collin County, TX",109
2099,"Collingsworth County, TX",2
2100,"Colorado County, TX",1
2101,"Comal County, TX",20
2102,"Comanche County, TX",1
2103,"Cooke County, TX",5
2104,"Coryell County, TX",6
2105,"Crane County, TX",1
2106,"Dallam County, TX",1
2107,"Dallas County, TX",237
2108,"Dawson County, TX",2
2109,"Deaf Smith County, TX",3
2110,"Denton County, TX",77
2111,"DeWitt County, TX",2
2112,"Dimmit County, TX",5
2113,"Duval County, TX",2
2114,"Eastland County, TX",3
2115,"Ector County, TX",16
2116,"El Paso County, TX",64
2117,"Ellis County, TX",18
2118,"Erath County, TX",5
2119,"Falls County, TX",2
2120,"Fannin County, TX",3
2121,"Fayette County, TX",2
2122,"Fisher County, TX",1
2123,"Floyd County, TX",1
2124,"Fort Bend County, TX",87
2125,"Franklin County, TX",3
2126,"Freestone County, TX",2
2127,"Frio County, TX",2
2128,"Gaines County, TX",1
2129,"Galveston County, TX",42
2130,"Gillespie County, TX",4
2131,"Gonzales County, TX",2
2132,"Gray County, TX",3
2133,"Grayson County, TX",22
2134,"Gregg County, TX",25
2135,"Grimes County, TX",2
2136,"Guadalupe County, TX",10
2137,"Hale County, TX",5
2138,"Hansford County, TX",2
2139,"Hardeman County, TX",2
2140,"Hardin County, TX",8
2141,"Harris County, TX",451
2142,"Harrison County, TX",5
2143,"Hartley County, TX",1
2144,"Haskell County, TX",2
2145,"Hays County, TX",22
2146,"Hemphill County, TX",2
2147,"Henderson County, TX",15
2148,"Hidalgo County, TX",69
2149,"Hill County, TX",4
2150,"Hockley County, TX",5
2151,"Hood County, TX",4
2152,"Hopkins County, TX",5
2153,"Houston County, TX",5
2154,"Howard County, TX",4
2155,"Hunt County, TX",8
2156,"Hutchinson County, TX",3
2157,"Jack County, TX",1
2158,"Jackson County, TX",2
2159,"Jasper County, TX",5
2160,"Jeff Davis County, TX",1
2161,"Jefferson County, TX",27
2162,"Jim Wells County, TX",4
2163,"Johnson County, TX",20
2164,"Jones County, TX",1
2165,"Karnes County, TX",4
2166,"Kaufman County, TX",12
2167,"Kendall County, TX",5
2168,"Kerr County, TX",9
2169,"Kimble County, TX",1
2170,"Kleberg County, TX",5
2171,"Knox County, TX",1
2172,"La Salle County, TX",1
2173,"Lamar County, TX",8
2174,"Lamb County, TX",1
2175,"Lampasas County, TX",2
2176,"Lavaca County, TX",1
2177,"Leon County, TX",1
2178,"Liberty County, TX",8
2179,"Limestone County, TX",5
2180,"Llano County, TX",1
2181,"Lubbock County, TX",34
2182,"Madison County, TX",1
2183,"Martin County, TX",1
2184,"Matagorda County, TX",5
2185,"Maverick County, TX",5
2186,"McCulloch County, TX",2
2187,"McLennan County, TX",27
2188,"Medina County, TX",1
2189,"Midland County, TX",11
2190,"Milam County, TX",3
2191,"Mills County, TX",1
2192,"Mitchell County, TX",1
2193,"Montague County, TX",2
2194,"Montgomery County, TX",61
2195,"Moore County, TX",2
2196,"Morris County, TX",1
2197,"Nacogdoches County, TX",5
2198,"Navarro County, TX",6
2199,"Newton County, TX",2
2200,"Nolan County, TX",3
2201,"Nueces County, TX",38
2202,"Ochiltree County, TX",4
2203,"Orange County, TX",10
2204,"Palo Pinto County, TX",3
2205,"Panola County, TX",2
2206,"Parker County, TX",15
2207,"Parmer County, TX",2
2208,"Pecos County, TX",2
2209,"Polk County, TX",4
2210,"Potter County, TX",17
2211,"Presidio County, TX",1
2212,"Rains County, TX",1
2213,"Randall County, TX",11
2214,"Reagan County, TX",1
2215,"Red River County, TX",2
2216,"Reeves County, TX",2
2217,"Robertson County, TX",3
2218,"Rockwall County, TX",11
2219,"Runnels County, TX",3
2220,"Rusk County, TX",6
2221,"Sabine County, TX",1
2222,"San Augustine County, TX",2
2223,"San Jacinto County, TX",3
2224,"San Patricio County, TX",9
2225,"San Saba County, TX",1
2226,"Schleicher County, TX",1
2227,"Scurry County, TX",2
2228,"Shelby County, TX",4
2229,"Smith County, TX",28
2230,"Starr County, TX",4
2231,"Stephens County, TX",1
2232,"Stonewall County, TX",1
2233,"Swisher County, TX",1
2234,"Tarrant County, TX",207
2235,"Taylor County, TX",13
2236,"Terry County, TX",4
2237,"Titus County, TX",4
2238,"Tom Green County, TX",9
2239,"Travis County, TX",115
2240,"Trinity County, TX",3
2241,"Tyler County, TX",2
2242,"Upshur County, TX",1
2243,"Upton County, TX",2
2244,"Uvalde County, TX",3
2245,"Val Verde County, TX",4
2246,"Van Zandt County, TX",8
2247,"Victoria County, TX",9
2248,"Walker County, TX",9
2249,"Waller County, TX",4
2250,"Ward County, TX",2
2251,"Washington County, TX",5
2252,"Webb County, TX",22
2253,"Wharton County, TX",5
2254,"Wheeler County, TX",2
2255,"Wichita County, TX",18
2256,"Wilbarger County, TX",7
2257,"Willacy County, TX",1
2258,"Williamson County, TX",53
2259,"Wilson County, TX",8
2260,"Wise County, TX",6
2261,"Wood County, TX",7
2262,"Young County, TX",3
2263,"Zapata County, TX",2
2264,"Zavala County, TX",1
2265,"Beaver County, UT",1
2266,"Box Elder County, UT",2
2267,"Cache County, UT",7
2268,"Carbon County, UT",3
2269,"Davis County, UT",24
2270,"Duchesne County, UT",1
2271,"Emery County, UT",1
2272,"Garfield County, UT",1
2273,"Grand County, UT",2
2274,"Iron County, UT",4
2275,"Kane County, UT",1
2276,"Salt Lake County, UT",58
2277,"Sanpete County, UT",1
2278,"Sevier County, UT",1
2279,"Summit County, UT",3
2280,"Tooele County, UT",3
2281,"Uintah County, UT",3
2282,"Utah County, UT",24
2283,"Wasatch County, UT",3
2284,"Washington County, UT",12
2285,"Weber County, UT",14
2286,"Accomack County, VA",2
2287,"Albemarle County, VA",9
2288,"Alexandria city, VA",14
2289,"Alleghany County, VA",2
2290,"Amherst County, VA",2
2291,"Appomattox County, VA",2
2292,"Arlington County, VA",19
2293,"Augusta County, VA",2
2294,"Bedford County, VA",5
2295,"Bedford city, VA",5
2296,"Botetourt County, VA",2
2297,"Bristol city, VA",2
2298,"Buchanan County, VA",1
2299,"Buena Vista city, VA",1
2300,"Campbell County, VA",4
2301,"Caroline County, VA",1
2302,"Carroll County, VA",1
2303,"Charlotte County, VA",1
2304,"Charlottesville city, VA",7
2305,"Chesapeake city, VA",14
2306,"Chesterfield County, VA",35
2307,"Colonial Heights city, VA",6
2308,"Covington city, VA",1
2309,"Culpeper County, VA",4
2310,"Danville city, VA",7
2311,"Dickenson County, VA",2
2312,"Dinwiddie County, VA",1
2313,"Emporia city, VA",1
2314,"Essex County, VA",1
2315,"Fairfax County, VA",78
2316,"Fairfax city, VA",78
2317,"Falls Church city, VA",2
2318,"Fauquier County, VA",4
2319,"Floyd County, VA",1
2320,"Fluvanna County, VA",2
2321,"Franklin County, VA",7
2322,"Franklin city, VA",7
2323,"Frederick County, VA",5
2324,"Fredericksburg city, VA",3
2325,"Galax city, VA",2
2326,"Giles County, VA",2
2327,"Gloucester County, VA",1
2328,"Greene County, VA",1
2329,"Halifax County, VA",2
2330,"Hampton city, VA",11
2331,"Hanover County, VA",9
2332,"Harrisonburg city, VA",7
2333,"Henrico County, VA",45
2334,"Henry County, VA",5
2335,"Hopewell city, VA",3
2336,"Isle of Wight County, VA",4
2337,"James City County, VA",5
2338,"King George County, VA",1
2339,"Lancaster County, VA",2
2340,"Lee County, VA",1
2341,"Lexington city, VA",2
2342,"Loudoun County, VA",19
2343,"Louisa County, VA",1
2344,"Lynchburg city, VA",10
2345,"Manassas city, VA",3
2346,"Martinsville city, VA",3
2347,"Mecklenburg County, VA",3
2348,"Middlesex County, VA",1
2349,"Montgomery County, VA",8
2350,"Nelson County, VA",1
2351,"New Kent County, VA",1
2352,"Newport News city, VA",12
2353,"Norfolk city, VA",16
2354,"Northampton County, VA",2
2355,"Northumberland County, VA",1
2356,"Norton city, VA",1
2357,"Orange County, VA",2
2358,"Page County, VA",1
2359,"Patrick County, VA",2
2360,"Petersburg city, VA",2
2361,"Pittsylvania County, VA",1
2362,"Poquoson city, VA",1
2363,"Portsmouth city, VA",7
2364,"Prince Edward County, VA",2
2365,"Prince William County, VA",23
2366,"Pulaski County, VA",5
2367,"Radford city, VA",1
2368,"Richmond County, VA",18
2369,"Richmond city, VA",18
2370,"Roanoke County, VA",21
2371,"Roanoke city, VA",21
2372,"Rockingham County, VA",2
2373,"Russell County, VA",1
2374,"Salem city, VA",6
2375,"Scott County, VA",3
2376,"Shenandoah County, VA",3
2377,"Smyth County, VA",3
2378,"Spotsylvania County, VA",13
2379,"Stafford County, VA",8
2380,"Staunton city, VA",4
2381,"Suffolk city, VA",8
2382,"Tazewell County, VA",4
2383,"Virginia Beach city, VA",41
2384,"Warren County, VA",2
2385,"Washington County, VA",4
2386,"Waynesboro city, VA",4
2387,"Westmoreland County, VA",1
2388,"Williamsburg city, VA",2
2389,"Winchester city, VA",5
2390,"Wise County, VA",3
2391,"Wythe County, VA",2
2392,"York County, VA",5
2393,"Addison County, VT",3
2394,"Bennington County, VT",2
2395,"Caledonia County, VT",3
2396,"Chittenden County, VT",21
2397,"Franklin County, VT",1
2398,"Grand Isle County, VT",1
2399,"Lamoille County, VT",3
2400,"Orange County, VT",2
2401,"Orleans County, VT",3
2402,"Rutland County, VT",4
2403,"Washington County, VT",6
2404,"Windham County, VT",2
2405,"Island County, WA",6
2406,"Adams County, WA",4
2407,"Asotin County, WA",3
2408,"Benton County, WA",18
2409,"Chelan County, WA",11
2410,"Clallam County, WA",10
2411,"Clark County, WA",53
2412,"Columbia County, WA",1
2413,"Cowlitz County, WA",18
2414,"Douglas County, WA",3
2415,"Ferry County, WA",1
2416,"Franklin County, WA",3
2417,"Grant County, WA",11
2418,"Grays Harbor County, WA",11
2419,"Jefferson County, WA",2
2420,"King County, WA",155
2421,"Kitsap County, WA",19
2422,"Kittitas County, WA",7
2423,"Klickitat County, WA",5
2424,"Lewis County, WA",7
2425,"Lincoln County, WA",1
2426,"Mason County, WA",6
2427,"Okanogan County, WA",5
2428,"Pacific County, WA",4
2429,"Pend Oreille County, WA",2
2430,"Pierce County, WA",74
2431,"San Juan County, WA",1
2432,"Skagit County, WA",27
2433,"Skamania County, WA",1
2434,"Snohomish County, WA",95
2435,"Spokane County, WA",44
2436,"Stevens County, WA",4
2437,"Thurston County, WA",30
2438,"Wahkiakum County, WA",1
2439,"Walla Walla County, WA",6
2440,"Whatcom County, WA",34
2441,"Whitman County, WA",6
2442,"Yakima County, WA",21
2443,"Adams County, WI",3
2444,"Ashland County, WI",4
2445,"Barron County, WI",3
2446,"Brown County, WI",19
2447,"Calumet County, WI",2
2448,"Chippewa County, WI",2
2449,"Columbia County, WI",2
2450,"Crawford County, WI",1
2451,"Dane County, WI",29
2452,"Dodge County, WI",2
2453,"Door County, WI",2
2454,"Douglas County, WI",2
2455,"Dunn County, WI",2
2456,"Eau Claire County, WI",4
2457,"Fond du Lac County, WI",7
2458,"Grant County, WI",1
2459,"Green County, WI",1
2460,"Jefferson County, WI",5
2461,"Juneau County, WI",1
2462,"Kenosha County, WI",13
2463,"La Crosse County, WI",5
2464,"Langlade County, WI",1
2465,"Lincoln County, WI",1
2466,"Manitowoc County, WI",4
2467,"Marathon County, WI",8
2468,"Marinette County, WI",3
2469,"Milwaukee County, WI",82
2470,"Monroe County, WI",1
2471,"Oconto County, WI",1
2472,"Oneida County, WI",2
2473,"Outagamie County, WI",7
2474,"Ozaukee County, WI",8
2475,"Portage County, WI",4
2476,"Price County, WI",1
2477,"Racine County, WI",13
2478,"Rock County, WI",8
2479,"Sauk County, WI",2
2480,"Sawyer County, WI",1
2481,"Shawano County, WI",1
2482,"Sheboygan County, WI",6
2483,"St. Croix County, WI",2
2484,"Vernon County, WI",1
2485,"Vilas County, WI",1
2486,"Walworth County, WI",4
2487,"Washington County, WI",6
2488,"Waukesha County, WI",39
2489,"Waupaca County, WI",2
2490,"Winnebago County, WI",8
2491,"Wood County, WI",5
2492,"Barbour County, WV",5
2493,"Berkeley County, WV",8
2494,"Boone County, WV",4
2495,"Braxton County, WV",4
2496,"Brooke County, WV",8
2497,"Cabell County, WV",21
2498,"Calhoun County, WV",2
2499,"Clay County, WV",2
2500,"Fayette County, WV",7
2501,"Gilmer County, WV",2
2502,"Grant County, WV",1
2503,"Greenbrier County, WV",5
2504,"Hampshire County, WV",2
2505,"Hancock County, WV",4
2506,"Hardy County, WV",2
2507,"Harrison County, WV",9
2508,"Jackson County, WV",3
2509,"Jefferson County, WV",8
2510,"Kanawha County, WV",34
2511,"Lewis County, WV",1
2512,"Lincoln County, WV",4
2513,"Logan County, WV",11
2514,"Marion County, WV",7
2515,"Marshall County, WV",4
2516,"Mason County, WV",1
2517,"McDowell County, WV",4
2518,"Mercer County, WV",8
2519,"Mineral County, WV",2
2520,"Mingo County, WV",1
2521,"Monongalia County, WV",11
2522,"Monroe County, WV",1
2523,"Morgan County, WV",1
2524,"Nicholas County, WV",4
2525,"Ohio County, WV",11
2526,"Pendleton County, WV",2
2527,"Pleasants County, WV",1
2528,"Pocahontas County, WV",3
2529,"Preston County, WV",1
2530,"Putnam County, WV",5
2531,"Raleigh County, WV",13
2532,"Randolph County, WV",3
2533,"Ritchie County, WV",2
2534,"Summers County, WV",3
2535,"Taylor County, WV",1
2536,"Tucker County, WV",1
2537,"Tyler County, WV",2
2538,"Upshur County, WV",3
2539,"Wayne County, WV",2
2540,"Wetzel County, WV",2
2541,"Wood County, WV",9
2542,"Wyoming County, WV",3
2543,"Albany County, WY",4
2544,"Big Horn County, WY",2
2545,"Campbell County, WY",6
2546,"Carbon County, WY",4
2547,"Converse County, WY",4
2548,"Crook County, WY",1
2549,"Fremont County, WY",7
2550,"Goshen County, WY",1
2551,"Hot Springs County, WY",3
2552,"Johnson County, WY",2
2553,"Laramie County, WY",12
2554,"Lincoln County, WY",3
2555,"Natrona County, WY",8
2556,"Niobrara County, WY",1
2557,"Park County, WY",5
2558,"Platte County, WY",1
2559,"Sheridan County, WY",5
2560,"Sublette County, WY",2
2561,"Sweetwater County, WY",6
2562,"Teton County, WY",3
2563,"Uinta County, WY",5
2564,"Washakie County, WY",2
2565,"Weston County, WY",2